{"input_tokens": 1174817, "input_cost": 0.2702079100000002, "output_tokens": 58332, "output_cost": 0.02333279999999999, "name": "Large model"}