{"input_tokens": 423302, "input_cost": 0.0634953, "output_tokens": 89426, "output_cost": 0.017885200000000004, "name": "Small model"}