{"input_tokens": 55974, "input_cost": 0.012874020000000002, "output_tokens": 24370, "output_cost": 0.009748, "name": "Large model"}