{"input_tokens": 30341, "input_cost": 0.006978429999999999, "output_tokens": 11575, "output_cost": 0.00463, "name": "Large model"}