{"input_tokens": 9597, "input_cost": 0.00028791, "output_tokens": 1873, "output_cost": 9.364999999999999e-05, "name": "Small model"}