{"input_tokens": 53827, "input_cost": 0.012380209999999999, "output_tokens": 12587, "output_cost": 0.0050348, "name": "Large model"}