{"input_tokens": 32672, "input_cost": 0.004900800000000001, "output_tokens": 9785, "output_cost": 0.003914, "name": "Small model"}