{"input_tokens": 2303522, "input_cost": 0.5298100600000006, "output_tokens": 4001, "output_cost": 0.0016004, "name": "Large model"}