{"input_tokens": 2592945, "input_cost": 0.5963773500000007, "output_tokens": 772, "output_cost": 0.0003088, "name": "Large model"}