{"input_tokens": 2631669, "input_cost": 0.6052838700000007, "output_tokens": 772, "output_cost": 0.0003088, "name": "Large model"}