{"input_tokens": 5174699, "input_cost": 0.7762048500000013, "output_tokens": 131961, "output_cost": 0.052784399999999974, "name": "Small model"}