{"input_tokens": 3175853, "input_cost": 0.4763779500000005, "output_tokens": 131961, "output_cost": 0.052784399999999974, "name": "Small model"}