{"input_tokens": 1184397, "input_cost": 0.17765955000000022, "output_tokens": 109704, "output_cost": 0.04388159999999999, "name": "Small model"}