{"input_tokens": 1303605, "input_cost": 0.29982915, "output_tokens": 95195, "output_cost": 0.03807799999999998, "name": "Large model"}