{"input_tokens": 423302, "input_cost": 0.06349530000000002, "output_tokens": 88782, "output_cost": 0.0177564, "name": "Small model"}