{"input_tokens": 626324, "input_cost": 0.14405452000000013, "output_tokens": 140494, "output_cost": 0.0561976, "name": "Large model"}