{"input_tokens": 423302, "input_cost": 0.06349530000000002, "output_tokens": 89440, "output_cost": 0.017888000000000008, "name": "Small model"}