{"input_tokens": 542975, "input_cost": 0.12488424999999996, "output_tokens": 251815, "output_cost": 0.10072599999999998, "name": "Large model"}