{"input_tokens": 423302, "input_cost": 0.06349530000000003, "output_tokens": 89949, "output_cost": 0.017989800000000004, "name": "Small model"}