{"input_tokens": 1585085, "input_cost": 0.4755255, "output_tokens": 134223, "output_cost": 0.11811623999999996, "name": "Large model"}