{"input_tokens": 1542805, "input_cost": 0.46284150000000035, "output_tokens": 135486, "output_cost": 0.11922767999999997, "name": "Large model"}