{"input_tokens": 2716977, "input_cost": 0.6249047099999999, "output_tokens": 1428853, "output_cost": 0.5715412000000007, "name": "Large model"}