{"input_tokens": 1626779, "input_cost": 0.3741591700000004, "output_tokens": 849870, "output_cost": 0.33994800000000025, "name": "Large model"}