{"input_tokens": 756897, "input_cost": 0.05298278999999997, "output_tokens": 242123, "output_cost": 0.03389722000000001, "name": "Small model"}