{"input_tokens": 1317768, "input_cost": 0.3030866400000001, "output_tokens": 53824, "output_cost": 0.021529599999999996, "name": "Large model"}