{"input_tokens": 423302, "input_cost": 0.06349530000000002, "output_tokens": 89138, "output_cost": 0.017827600000000002, "name": "Small model"}