{"input_tokens": 1154226, "input_cost": 0.2654719800000001, "output_tokens": 50475, "output_cost": 0.02019000000000001, "name": "Large model"}