{"input_tokens": 423302, "input_cost": 0.06349530000000002, "output_tokens": 90702, "output_cost": 0.018140399999999987, "name": "Small model"}