{"input_tokens": 1264377, "input_cost": 0.29080671, "output_tokens": 55386, "output_cost": 0.0221544, "name": "Large model"}