{"input_tokens": 423302, "input_cost": 0.06349530000000002, "output_tokens": 90363, "output_cost": 0.018072600000000008, "name": "Small model"}