{"input_tokens": 268188, "input_cost": 0.06168324000000001, "output_tokens": 105541, "output_cost": 0.0422164, "name": "Large model"}