{"input_tokens": 9597, "input_cost": 0.00028791, "output_tokens": 1883, "output_cost": 9.415000000000001e-05, "name": "Small model"}