{"input_tokens": 28889, "input_cost": 0.0020222300000000003, "output_tokens": 26762, "output_cost": 0.0037466799999999996, "name": "Small model"}