{"input_tokens": 106570, "input_cost": 0.024511100000000004, "output_tokens": 13853, "output_cost": 0.005541199999999999, "name": "Large model"}