{"input_tokens": 35886, "input_cost": 0.0053829, "output_tokens": 6367, "output_cost": 0.0012733999999999996, "name": "Small model"}