{"input_tokens": 530973, "input_cost": 0.07964595000000008, "output_tokens": 82807, "output_cost": 0.016561400000000004, "name": "Small model"}