{"input_tokens": 1271401, "input_cost": 0.29242223000000017, "output_tokens": 111935, "output_cost": 0.044773999999999974, "name": "Large model"}