{"input_tokens": 423302, "input_cost": 0.06349530000000002, "output_tokens": 89041, "output_cost": 0.017808199999999996, "name": "Small model"}