{"input_tokens": 7848577, "input_cost": 1.8051727100000003, "output_tokens": 2716243, "output_cost": 1.0864972000000006, "name": "Large model"}