{"input_tokens": 6408009, "input_cost": 1.4738420699999997, "output_tokens": 571162, "output_cost": 0.22846480000000005, "name": "Large model"}