{"input_tokens": 6352860, "input_cost": 1.4611577999999998, "output_tokens": 526131, "output_cost": 0.2104524, "name": "Large model"}