{"input_tokens": 4173624, "input_cost": 0.9599335200000007, "output_tokens": 24545, "output_cost": 0.009817999999999999, "name": "Large model"}