{"input_tokens": 6368729, "input_cost": 1.4648076699999997, "output_tokens": 526131, "output_cost": 0.2104524, "name": "Large model"}