{"input_tokens": 7132115, "input_cost": 0.499248050000001, "output_tokens": 239011, "output_cost": 0.033461540000000005, "name": "Small model"}