{"input_tokens": 8007801, "input_cost": 0.5605460700000012, "output_tokens": 426795, "output_cost": 0.05975129999999996, "name": "Small model"}