{"input_tokens": 1452551, "input_cost": 0.10167856999999995, "output_tokens": 34471, "output_cost": 0.004825940000000001, "name": "Small model"}