{"input_tokens": 5145982, "input_cost": 0.36021874000000076, "output_tokens": 46594, "output_cost": 0.00652316, "name": "Small model"}