{"input_tokens": 1431768, "input_cost": 0.3293066400000004, "output_tokens": 1841037, "output_cost": 0.7364147999999997, "name": "Large model"}