{"input_tokens": 716576, "input_cost": 0.050160320000000015, "output_tokens": 194542, "output_cost": 0.027235879999999997, "name": "Small model"}