{"input_tokens": 1294201, "input_cost": 0.2976662300000003, "output_tokens": 113892, "output_cost": 0.04555679999999997, "name": "Large model"}