{"input_tokens": 423302, "input_cost": 0.06349530000000002, "output_tokens": 89772, "output_cost": 0.017954399999999995, "name": "Small model"}