{"input_tokens": 298962, "input_cost": 0.06876125999999999, "output_tokens": 63900, "output_cost": 0.02556, "name": "Large model"}