{"input_tokens": 5825, "input_cost": 0.00087375, "output_tokens": 221, "output_cost": 8.840000000000001e-05, "name": "Small model"}