{"input_tokens": 625209, "input_cost": 0.14379807000000003, "output_tokens": 140924, "output_cost": 0.05636959999999998, "name": "Large model"}