{"input_tokens": 423302, "input_cost": 0.0634953, "output_tokens": 89968, "output_cost": 0.017993599999999978, "name": "Small model"}