{"input_tokens": 30211, "input_cost": 0.0069485300000000005, "output_tokens": 11678, "output_cost": 0.0046712, "name": "Large model"}