{"input_tokens": 2797286, "input_cost": 0.6433757799999996, "output_tokens": 21284, "output_cost": 0.008513600000000001, "name": "Large model"}