{"input_tokens": 4088717, "input_cost": 0.9404049099999988, "output_tokens": 104095, "output_cost": 0.041638000000000036, "name": "Large model"}