{"input_tokens": 938525, "input_cost": 0.14077874999999984, "output_tokens": 69967, "output_cost": 0.013993399999999993, "name": "Small model"}