{"input_tokens": 1024715, "input_cost": 0.1537072499999999, "output_tokens": 87494, "output_cost": 0.017498799999999995, "name": "Small model"}